0x0	0xd
0x0	0x59
0xd	0x1e
0xd	0x1643
0x1e	0x29
0x1e	0x1646
0x29	0x34
0x29	0x1649
0x34	0x3f
0x34	0x164c
0x3f	0x4a
0x3f	0x164f
0x4a	0x55
0x4a	0x1652
0x59	0x60
0x59	0x1640
0x65	0x6d
0x65	0x71
0x71	0x8d0x65
0xa3	0xab
0xa3	0xaf
0xaf	0x8d0xa3
0xd7	0xe5
0xe5	0xea
0xea	0x14b5
0xf7	0xff
0xf7	0x103
0x103	0x112
0x112	0x27c
0x117	0x14dd
0x127	0x12f
0x127	0x133
0x133	0x8d0x127
0x15b	0x163
0x15b	0x167
0x167	0xc29
0x176	0x17b
0x17d	0x18e
0x17d	0x1cc
0x18e	0x1c3
0x1cc	0xcb2
0x1ea	0x206
0x1ea	0x227
0x206	0x22c
0x227	0x22c
0x22c	0x237
0x22c	0x272
0x237	0x1082
0x27c	0x2af
0x27c	0x2ea
0x2af	0x10aa
0x2ea	0x2fb
0x2ea	0x335
0x2fb	0x10d2
0x335	0x346
0x335	0x34d
0x346	0x10fa
0x34d	0x360
0x34d	0x367
0x360	0x112f
0x367	0x570
0x37c	0x38d
0x37c	0x394
0x38d	0x1164
0x394	0x5d4
0x3d9	0x117
0x3ea	0x430
0x3ea	0x437
0x430	0x1199
0x437	0x481
0x437	0x488
0x481	0x11ce
0x488	0x4c5
0x488	0x4cc
0x4c5	0x1203
0x4cc	0x534
0x534	0x54a
0x534	0x54e
0x54e	0x559
0x54e	0x562
0x570	0x57d
0x57d	0x588
0x57d	0x1505
0x588	0x1238
0x5d4	0x5ed
0x5ed	0x5fd
0x5ed	0x644
0x5fd	0x1260
0x644	0x673
0x644	0x67a
0x673	0x1288
0x67a	0x6b4
0x6b4	0x6ca
0x6b4	0x6d3
0x6d3	0x6f7
0x6f7	0x6fb
0x6fb	0x705
0x6fb	0x7ef
0x705	0x712
0x705	0x719
0x712	0x12bd
0x719	0x735
0x719	0x73c
0x735	0x12f2
0x73c	0xfd5
0x751	0x76d
0x751	0x78e
0x76d	0x793
0x78e	0x793
0x793	0x79e
0x793	0x7da
0x79e	0x1327
0x7da	0xff1
0x7e7	0x6fb
0x7ef	0x82a
0x82a	0x83e
0x82a	0x847
0x847	0x100c
0x86b	0x87a
0x87a	0x884
0x884	0x8aa
0x8aa	0x8c8
0x8c8	0x8de
0x8c8	0x8e2
0x8e2	0x8ed
0x8e2	0x8f6
0x8f6	0x91e
0x8f6	0x927
0x927	0x94c
0x927	0x955
0x955	0x3d9
0x974	0x985
0x974	0x989
0x98c	0x99a
0x98c	0x99e
0x99e	0x9b1
0x99e	0x9b5
0x9b5	0x9c9
0x9b5	0x152b
0x9d4	0x9e6
0x9d4	0x9ea
0x9ea	0x9f5
0x9f5	0xa13
0x9f5	0xa17
0xa17	0xa23
0xa2f	0xa32
0xa32	0xa3b
0xa32	0xa4a
0xa3b	0xa32
0xa4a	0xa53
0xa4a	0xa59
0xa53	0xa59
0xa5f	0xa77
0xa8b	0x1551
0xa9e	0xaac
0xa9e	0xab0
0xab0	0xac3
0xab0	0xac7
0xac7	0xade
0xac7	0x1577
0xae2	0xafc
0xae2	0xb00
0xb00	0xb13
0xb00	0xb17
0xb17	0xb23
0xb23	0xb38
0xb23	0xb3c
0xb3c	0xb48
0xb48	0xb5d
0xb48	0xb61
0xb61	0xb6d
0xb6d	0xb82
0xb82	0xb94
0xb82	0xb98
0xb98	0xba5
0xbd2	0xbf3
0xbd2	0xbfa
0xbf3	0x134f
0xc02	0xc14
0xc02	0xc1b
0xc14	0x1384
0xc29	0xc38
0xc29	0xc3c
0xc3c	0xc55
0xc3c	0xc59
0xc59	0xc66
0xc59	0xc6a
0xc6a	0x159d
0xc7d	0xc8e
0xc7d	0xc92
0xc92	0x176
0xcb2	0x1ea
0xcd8	0xcec
0xcec	0xcf5
0xcec	0xd08
0xcf5	0xcec
0xd13	0xd44
0xd44	0xd4d
0xd44	0xd62
0xd4d	0xd44
0xd62	0xd76
0xd76	0xd8d
0xd8d	0xdb0
0xdb0	0xdc3
0xde5	0xdf1
0xde5	0xdf8
0xdf1	0x13b9
0xdfd	0xe0f
0xdfd	0xe16
0xe0f	0x13ee
0xe20	0xe2d
0xe20	0xe31
0xe31	0x15c1
0xe41	0xe5c
0xe41	0xe60
0xe60	0xe64
0xe64	0xe6d
0xe64	0xedb
0xe6d	0xe7e
0xe6d	0xe83
0xe83	0xe90
0xe83	0xe95
0xe95	0x15e5
0xea7	0xeb7
0xea7	0xebc
0xebc	0xecb
0xecb	0xe64
0xee6	0xef7
0xee6	0xefb
0xefb	0xf16
0xefb	0xf1a
0xf1a	0xf2a
0xf1a	0xf2e
0xf2e	0x1609
0xf3c	0xf57
0xf3c	0xf5b
0xf5b	0xf60
0xf60	0xf69
0xf60	0xf82
0xf69	0xf73
0xf73	0xf60
0xf82	0xf97
0xf82	0xf9b
0xf9b	0xfa9
0xfb3	0xfc1
0xfb3	0xfc5
0xfc5	0xfd1
0xfc5	0x162d
0xfd5	0xfe7
0xfe7	0x751
0xff1	0xffe
0xff1	0x1005
0xffe	0x1423
0x1005	0x7e7
0x100c	0x101a
0x100c	0x101e
0x101e	0x86b
0x1025	0x1030
0x1025	0x1037
0x1030	0x1458
0x1505	0x37c
0x159d	0xc7d
0x15c1	0xe41
0x15e5	0xea7
0x1609	0xf3c
0x8d0x65	0x148d0x65
0x8d0xa3	0x148d0xa3
0x8d0x127	0x148d0x127
